Phone Number,Address,City,State,Zip Code
(402) 444-6529,5545 Center St,Omaha,Nebraska,68106
(402) 827-0990 , 9029 Burt St , Omaha, Nebraska ,68114
(402) 556-6015 , 9110 Maplewood Blvd , Omaha, Nebraska ,68134
(402) 932-7614 , 9715 Ohern Plz, Omaha, Nebraska ,68127
(402) 571-8692 , 8170 Browne St , Omaha, Nebraska ,68134
(402) 339-5369 , 6705 S 85th St , Omaha, Nebraska ,68127
(402) 551-5113 , 6795 Emmet St , Omaha, Nebraska ,68104
(402) 572-9026 , 7115 N 50th Ave , Omaha, Nebraska ,68152
(402) 731-0738 , 7205 N 73rd Plaza Cir , Omaha, Nebraska ,68122
(402) 572-4291 , 7350 Graceland Dr, Omaha,NE,68134
(402) 315-1875 , 4550 Walnut St , Omaha,NE,68106
(402) 330-0344 , 15423 Lloyd St , Omaha,NE,68144
(402) 330-2109 , 12205 Farnam St , Omaha,NE,68154
(402) 342-4283 , 2117 S 38th St , Omaha,NE,68105
(402) 343-1149 , 1019 S 106th Plz, Omaha,NE,68114
(402) 359-1472 , 11679 Fowler Ave , Omaha, Nebraska ,68164
(402) 391-8775 , 7909 Grover St , Omaha, Nebraska ,68124
(402) 393-2353 , 530 Loveland Dr , Omaha, Nebraska ,68114
(402) 393-7826 , 1875 S 75th St, Omaha, Nebraska ,68124
(402) 896-1695 , 14455 Harrison St, Omaha, Nebraska ,68138
(402) 733-1688 , 1511 Farnam St , Omaha, Nebraska ,68102
(402) 861-0956 , 15813 Polk Cir , Omaha, Nebraska ,68135
(402) 896-0849 , 16413 Audrey St , Omaha, Nebraska ,68136
(402) 393-8421 , 1700 N 73rd St, Omaha, Nebraska ,68114
(402) 898-0608 , 11221 Seward Plz , Omaha, Nebraska ,68154
(402) 898-0608 , 11221 Seward Plz, Omaha, Nebraska ,68154
(402) 553-3742 , 1212 N 34th St , Omaha, Nebraska ,68131
(402) 315-3491 , 12304 Stonegate Dr , Omaha, Nebraska ,68164
(402) 505-9463 , 3716 N 19th St , Omaha, Nebraska ,68110
(402) 734-4493 , 3803 X St , Omaha, Nebraska ,68107
(402) 505-3865 , 3826 N 70th Cir , Omaha, Nebraska ,68104
(402) 894-9238 , 3826 S 186th Cir , Omaha, Nebraska ,68130
(903) 884-3818 , 401 Big League Bnd , Omaha, Texas,75571
(903) 884-3165 , 410 Sloss Ave , Omaha,TX,75571
(402) 455-1721 , 4122 N 48th St , Omaha, Nebraska ,68104
(402) 731-0738 , 3227 Drexel St , Omaha, Nebraska ,68107
(402) 455-0476 , 3312 N 45th St , Omaha, Nebraska ,68104
402-705-1288,2045 Holy Cross Avenue,Omaha,Nebraska,68134
402-327-8596,70754 Independence Way,Lincoln,Nebraska,68505
402-266-5287,19 Jenifer Crossing,Lincoln,Nebraska,68505
402-593-6080,616 Dovetail Avenue,Omaha,Nebraska,68117
402-729-2240,8781 Charing Cross Trail,Lincoln,Nebraska,68517
402-899-2242,2 Fairview Place,Omaha,Nebraska,68105
402-826-5754,14 Lighthouse Bay Hill,Omaha,Nebraska,68110
712-451-3306,66195 Kennedy Lane,Omaha,Nebraska,68134
402-954-6813,02 Larry Junction,Omaha,Nebraska,68105
402-512-0107,6 Prairieview Center,Omaha,Nebraska,68117
402-836-2262,761 Briar Crest Center,Omaha,Nebraska,68164
402-740-6820,73317 Atwood Hill,Omaha,Nebraska,68105
402-458-9665,544 5th Lane,Lincoln,Nebraska,68510
402-736-4761,3176 Linden Lane,Omaha,Nebraska,68110
402-549-5178,812 Knutson Crossing,Omaha,Nebraska,68134
402-990-3391,808 Barby Court,Omaha,Nebraska,68164
402-809-8847,62 Walton Avenue,Lincoln,Nebraska,68510
402-428-0397,0 Spohn Drive,Lincoln,Nebraska,68517
402-124-1102,283 Straubel Trail,Omaha,Nebraska,68164
402-472-4530,72 Parkside Drive,Lincoln,Nebraska,68510
402-184-7484,8767 Darwin Drive,Omaha,Nebraska,68134
402-429-0108,4 Eastwood Plaza,Omaha,Nebraska,68144
402-304-8346,4 Russell Terrace,Lincoln,Nebraska,68505
402-151-5357,3631 Carpenter Road,Lincoln,Nebraska,68510
402-164-5836,4 Center Plaza,Omaha,Nebraska,68105
402-686-6742,104 Mayfield Center,Omaha,Nebraska,68134
402-998-8495,33487 Banding Parkway,Lincoln,Nebraska,68517
402-903-2259,46 Weeping Birch Parkway,Omaha,Nebraska,68117
402-539-4529,6 Grasskamp Plaza,Lincoln,Nebraska,68517
402-939-3451,2 Troy Place,Omaha,Nebraska,68110
402-706-4035,789 Pankratz Junction,Omaha,Nebraska,68164
402-188-5498,1 Elka Plaza,Omaha,Nebraska,68105
402-692-7327,2 Rockefeller Alley,Omaha,Nebraska,68105
402-941-7233,4 Service Center,Lincoln,Nebraska,68505
402-213-4886,683 Vera Parkway,Omaha,Nebraska,68117
402-905-6776,0 Summer Ridge Place,Omaha,Nebraska,68144
402-762-5166,23639 Crownhardt Terrace,Omaha,Nebraska,68110
402-566-0596,5606 Cody Court,Omaha,Nebraska,68117
402-286-6217,7 Delaware Avenue,Lincoln,Nebraska,68510
402-803-4839,4591 Kings Center,Omaha,Nebraska,68144
402-978-8680,82 Sundown Plaza,Omaha,Nebraska,68144
402-133-3117,01 Melody Terrace,Lincoln,Nebraska,68510
712-299-4942,6348 Northfield Alley,Omaha,Nebraska,68134
402-768-2091,7360 Eagle Crest Center,Omaha,Nebraska,68117
402-339-8196,407 Sunfield Alley,Omaha,Nebraska,68105
402-178-3893,21 Orin Plaza,Lincoln,Nebraska,68505
402-314-9932,6756 Luster Hill,Lincoln,Nebraska,68505
402-669-3916,47412 Truax Circle,Omaha,Nebraska,68164
402-345-6668,51 Nova Court,Omaha,Nebraska,68164
402-120-4706,8 Scofield Pass,Omaha,Nebraska,68164
402-879-9261,806 Loomis Junction,Lincoln,Nebraska,68517
402-860-9245,90460 Walton Parkway,Lincoln,Nebraska,68517
402-151-6490,5083 Spenser Road,Lincoln,Nebraska,68510
402-242-3314,565 Corscot Parkway,Omaha,Nebraska,68134
402-555-1420,9236 Ridge Oak Hill,Omaha,Nebraska,68117
402-571-1043,791 Independence Street,Omaha,Nebraska,68134
402-688-8676,77 Morrow Terrace,Omaha,Nebraska,68144
402-170-0860,760 Kedzie Plaza,Omaha,Nebraska,68117
712-821-9927,00236 Hovde Lane,Omaha,Nebraska,68134
402-956-2226,7144 Hagan Lane,Omaha,Nebraska,68144
402-475-4499,92878 Green Ridge Plaza,Lincoln,Nebraska,68517
402-694-9631,23 Center Way,Omaha,Nebraska,68117
402-751-7100,86587 Artisan Lane,Omaha,Nebraska,68144
402-482-0828,37329 Village Center,Omaha,Nebraska,68134
402-237-0555,3997 Forest Run Plaza,Omaha,Nebraska,68144
402-891-2268,7 Westerfield Park,Omaha,Nebraska,68164
402-486-3076,02849 Sachtjen Drive,Lincoln,Nebraska,68510
402-856-5721,8796 Melody Place,Omaha,Nebraska,68134
402-954-2437,8 Helena Way,Omaha,Nebraska,68110
402-889-2320,741 Fairview Crossing,Omaha,Nebraska,68144
402-910-9729,991 Summer Ridge Point,Lincoln,Nebraska,68510
402-852-0574,8 Fallview Junction,Omaha,Nebraska,68105
402-204-6988,32839 3rd Way,Omaha,Nebraska,68144
402-105-4988,584 Heffernan Place,Omaha,Nebraska,68110
402-122-2998,097 Michigan Crossing,Omaha,Nebraska,68117
402-161-6641,11264 Cordelia Avenue,Lincoln,Nebraska,68517
402-656-7270,78893 Mockingbird Circle,Omaha,Nebraska,68164
402-432-5846,86 Summit Center,Lincoln,Nebraska,68517
402-768-2868,0 La Follette Crossing,Lincoln,Nebraska,68510
402-163-5770,159 Mesta Alley,Omaha,Nebraska,68144
402-530-3451,56 Forest Crossing,Omaha,Nebraska,68134
402-762-2956,013 Shasta Avenue,Omaha,Nebraska,68144
402-673-8543,26299 Amoth Road,Lincoln,Nebraska,68517
402-879-4657,8 Sommers Avenue,Omaha,Nebraska,68117
402-159-2612,91715 Donald Terrace,Lincoln,Nebraska,68510
402-511-7444,8217 Maple Terrace,Omaha,Nebraska,68110
402-242-9417,0 Kennedy Park,Lincoln,Nebraska,68517
402-272-0158,41318 Eagan Parkway,Omaha,Nebraska,68117
402-334-1624,78 Express Lane,Omaha,Nebraska,68105
402-960-3014,2 Eagan Circle,Lincoln,Nebraska,68510
402-504-6663,8 Surrey Avenue,Omaha,Nebraska,68164
402-590-5551,68 Charing Cross Place,Lincoln,Nebraska,68505
402-166-7811,8574 Scofield Hill,Lincoln,Nebraska,68517
402-645-0553,3 Canary Court,Lincoln,Nebraska,68510
402-143-3517,5 Vahlen Hill,Omaha,Nebraska,68105
402-840-9002,5 Westport Pass,Omaha,Nebraska,68110
402-516-5582,46 Charing Cross Crossing,Omaha,Nebraska,68117
402-215-2187,43005 Clyde Gallagher Point,Lincoln,Nebraska,68517
402-153-5704,71895 Dapin Junction,Lincoln,Nebraska,68505
402-280-9612,302 Lerdahl Pass,Omaha,Nebraska,68110
